ts	phase	decision	why	evidence	result
2026-09-10T19:56:53Z	arm	operator gave explicit go to start implementation	plan names autopilot-stack, operator lands	docs/stt-gpui-plan.md	open
2026-09-10T19:58:29Z	arm	cloud owners refused the SSH remote, fell back to local owners	Cursor cloud requires a known remote it can resolve, SSH SCP-like url was not resolved	task error output	local owners
2026-09-10T20:00:01Z	branch	branched pr-2-rust-workspace from main@5c04e62	PR-2 is independent and first, branches from main	git rev-parse HEAD	branch at 5c04e62
2026-09-10T20:01:49Z	design	stream shape is Box<dyn Iterator>, not a marker Stream trait or an async dependency	a zero-method trait names nothing and async pulls in tokio for a scaffold; Iterator is dependency-free and testable	crates/stt-core/src/lib.rs	written
2026-09-10T20:01:49Z	design	dropped the stt-core path dependency from stt-shell	main.rs does not use stt-core yet; an unused dependency is clutter, one line adds it back when the shell consumes the core	crates/stt-shell/Cargo.toml	written
2026-09-10T20:01:49Z	design	check-spec.mjs uses a marker registry keyed by basename	PR-1 lane 9 needs a missing file named; only a registry of known files can name that gap	scripts/check-spec.mjs	written
2026-09-10T20:02:17Z	verify	all six verify commands pass at b732012	ran each on the real artifact, not a proxy	cargo build/run/test/clippy/fmt + node --help output in transcript	PASS
2026-09-10T20:02:25Z	pr-1/branch	branched pr-1-product-definition from main@5c04e62	PR-1 is independent and first, branches from main per the plan	git rev-parse HEAD	branch at 5c04e62
2026-09-10T20:02:25Z	pr-1/trail	appended to the existing decisions.tsv with pr-1 phases	file already existed untracked from the program arm, log is append-only	decisions.tsv	shared log kept
2026-09-10T20:02:25Z	pr-1/docs	picked Diataxis modes: explanation for product and principles, how-to for ux-flow, reference for matrix and glossary	parent instruction, one mode per file	docs/spec/*.md	written
2026-09-10T20:02:25Z	pr-1/docs	named candidate OS mechanisms in the matrix and left final choice to PR-4	matrix must be useful now without stealing PR-4 spec scope	docs/spec/platform-matrix.md	written
2026-09-10T20:02:25Z	pr-1/verify	skipped repo lint and typecheck, no config exists	repo holds docs only at this head, nothing to run	ls package.json Cargo.toml missing	skipped
2026-09-10T20:02:25Z	pr-1/verify	deferred scripts/check-spec.mjs unit check to PR-2	checker file is created by PR-2 and does not exist at this head	docs/stt-gpui-plan.md PR-2 files	skipped
2026-09-10T20:03:08Z	pr-1/verify	all live-lane predicates checked at 57b4692 before push	ran ls, wc -w, and grep against the real files, not a proxy	wc -w docs/spec/*.md output in transcript	PASS
2026-09-10T20:03:08Z	pr-1/pr	committed five files as 57b4692 and opened PR #1 ready against main	plan requires ready never draft, gh is the resolved forge	https://github.com/LeoMartinDev/stt-gpui/pull/1	open
2026-09-10T20:03:35Z	branch	repointed pr-2-rust-workspace at b732012 after a same-tree race	the PR-1 owner checked out its branch from this tree mid-commit and my commit landed under its tip; git branch -f plus a fast-forward push fixed it without touching their checkout	git reflog, git show --stat b732012	fixed, pushed
2026-09-10T20:04:02Z	handoff	PR #1 head 57b4692 contains all seven PR-2 files	the PR-1 owner committed on top of my b732012 and pushed; fixing it needs a force-push to their checked-out branch, out of my scope	gh pr view 1 --json files	flagged to coordinator
2026-09-10T20:04:37Z	pr-1/fix	found PR-2 commit b732012 sitting on my branch, PR diff had 12 files	both lanes share one working tree and HEAD moved when I branched, PR-2 committed onto pr-1-product-definition	git reflog 22:02:09, git show b732012	boundary violated
2026-09-10T20:04:37Z	pr-1/fix	rebased onto main dropping b732012, force-pushed with lease	PR-2 commit was already safe on pr-2-rust-workspace, my branch carries only the five spec files	git rebase --onto main b732012, gh pr view 1	head db3650d, diff is 5 files
2026-09-10T20:04:37Z	pr-1/risk	left a note that the shared working tree can pull stray commits onto this branch again	root cause is two owners in one checkout, not the rebase	decisions.tsv	open
2026-09-10T20:05:04Z	pr-1	verified PR-1 head db3650d holds only its 5 spec files, no PR-2 contamination	owner flagged a same-tree race; final state is clean, PR-1 branched from main	gh pr view 1 files	clean
2026-09-10T20:05:04Z	pr-2	verified PR-2 head b732012 holds only its 7 scaffold files, all six verify commands passed	owner reported PASS with real command output	gh pr view 2 files, owner verify log	clean
2026-09-10T20:05:59Z	arm	both owners self-resolved the same-tree race; PR-1 rebased to db3650d (5 files), PR-2 at b732012 (7 files), both base main	final state verified clean via gh pr view files on both PRs	gh pr view 1, gh pr view 2	clean, awaiting land
2026-09-11T06:25:08Z	pickup/trail	reduced timeline confirms pickup: PR-1/2 merged, PRs 5-8 closed-unmerged with recoverable cursor branches, close reason outside transcript	independent digest matches artifact inventory; operator verdicts override resume-at-PR-3	subagent digest 8476774e	logged
2026-09-11T06:26:15Z	frame/scope	operator chose full scope (implementation totale): engine plus mic plus hotkey plus injection plus overlay, environment-capped verification	operator overrode M1-only recommendation after plain-language explanation	chat 08:25, prior checkpoint cancelled as unclear	scope is full app, per-slice verdicts
2026-09-11T06:38:11Z	arena/pick	base candidate-2 (Nemotron/ort, Dictation driver), graft cargo-tree denylist plus U1 tripwires from candidate-1	judge scored 5 PASS vs 2 PASS; parent adjudicated own C1 lean as verifiability bias after end-to-end re-read	judge 6dddc98c, synthesis in /tmp/arena-stt-engine/synthesis/	conditional on U1 tripwires
2026-09-11T06:39:48Z	u1/probe	tripwires 1-4 confirmed: onnx-community INT4 pack 788MB pinned for CI, ort 2.0.0-rc.13 on registry, parakeet-rs 0.3.7 exists, weights under NVIDIA Open Model License	measured via crates.io and HF APIs; real pack layout splits decoder/joint, U3 must adapt ModelDir	HF api, cargo info output in transcript	4/5 green, ort compile in flight
2026-09-11T06:41:42Z	u1/compile	ort 2.0.0-rc.13 compiles on rustc 1.96: 54 crates, prebuilt static ORT 1.28.0 fetched from pyke CDN	scratch crate build green plus build-script log showing static link path	/tmp/ort-probe, terminals/818402.txt	compile half PASS, session-open downloading
2026-09-11T06:42:53Z	u1/session	U1 5/5 VERIFIED: ort session opens encoder.onnx, cache ports plus lang_id present on live graph	example run printed inputs/outputs; encoder takes mel 65x128 so rustfft frontend confirmed necessary	/tmp/ort-probe/examples/open.rs output in transcript	U1 PASS, U3 unlocked
2026-09-11T06:43:44Z	u2/verdict	U2 VERIFIED: Dictation plus Edit plus latest-only merged to main and pushed	diff read end to end, 7 tests plus clippy plus fmt re-run first-hand	main at 8e1b8b2	merged, CI running
2026-09-11T08:14:36Z	u3/verdict	U3 VERIFIED: Nemotron transcribes EN plus FR fixtures literally, offline proof green, merged 7272330	decode.rs plus model.rs read end to end, all gates re-run first-hand, FR literal pinned with documented 1-char delta	main at 7272330, remote matches	merged, CI running
2026-09-11T08:14:36Z	recover/add-A	git add -A swept target/ into b2d9fbb (1812 files); caught pre-push, branch -f to 2c2840b, targeted re-commit, .gitignore added	remote never moved from 8e1b8b2 during the incident, verified via ls-remote	decisions.tsv, .gitignore on main	recovered, lesson encoded
2026-09-11T08:21:08Z	u4/verdict	U4 VERIFIED: shell transcribes both fixtures, exits 1-4 proven, harness stdout byte-identical, doc drift fixed	binary plus harness re-run first-hand, code plus recipes read end to end	main at d3fcc42, remote matches	merged, CI running
2026-09-11T08:30:16Z	u8probe/verdict	U8-probe VIABLE: mainline gpui 0.2.2 opens a mapped X11 window, reproduced first-hand via prove.sh	fresh prove-meta log_opened=1 plus xwininfo tree hit; trapdoors: no xkbcommon-x11-dev (sudo blocked), WSLg screenshots black, Wayland-first default	/tmp/gpui-probe/artifacts/	U8 unblocked, N=5
2026-09-11T08:31:00Z	u5/verdict	U5 PASS code plus INCONCLUSIVE live: cpal adapter merged, no soundcard here	mapping plus capture read end to end, 6 tests plus clippy plus fmt re-run, arecord confirms no device	main pushed, remote matches	merged; mic-dead-hang noted for U9
2026-09-11T08:35:29Z	u7/verdict	U7 PASS incl live XTEST loopback: stt-inject merged via rebase on post-U5 main	all 7 files read, 11 tests plus clippy plus fmt re-run, X11 loopback replayed first-hand with identical keysyms	main pushed, remote matches; rebase kept stt-audio intact	merged; keymap u8-addition nit and X11 unicode-layout errors noted
2026-09-11T08:37:38Z	u6/verdict	U6 PASS incl live XTEST proof: stt-hotkey merged via rebase on post-U7 main	all 7 files read, 19 tests plus clippy plus fmt re-run, X11 live proof replayed pressed plus released true	main pushed, remote matches; rebase kept audio plus inject intact	merged; macos plus windows backends compile-only, CI is the proof there
2026-09-11T08:37:49Z	u6/push-retry	first push after U6 merge failed transiently, retry passed, remote equals 499121d	ls-remote showed 3358cdd after tail-swallowed error, full push log on retry clean	no code change, audit line appended	closed
2026-09-11T08:47:24Z	u8/verdict	U8 PASS incl live window: stt-overlay plus verify-skill extension merged via rebase	crate plus skill plus harness read fully, 4 tests plus clippy plus fmt re-run, window mapped IsViewable here	main pushed, remote matches	merged; lead micro-fix dropped /tmp ref; CI needs libxkbcommon-x11-dev (U9); skill hotkey lines stale post-U6 (U9)
2026-09-11T08:52:32Z	gitignore/fix	gitignore second line was an editing artifact, not /.worktrees/, since U3; restored and pushed as 0a0fc32	user asked, od showed the artifact bytes, check-ignore missed .worktrees/	0a0fc32 on main, remote matches	closed; Cargo.lock plus decisions.tsv stay untracked for the U9 call
2026-09-11T08:58:06Z	branches/cleanup	user asked to merge all branches; nothing was mergeable so dead branches were deleted instead	pr-1/pr-2 ancestors, pr-3..6 rejected plus ancient base, pstack-models identical, vendor-skills stale; user picked cleanup	6 cursor/* plus pr-1/pr-2 deleted local and remote, pr1/pr2 worktrees pruned, only main left	closed
2026-09-11T09:16:12Z	u9/ci-ubuntu	CI ubuntu failed on alsa-sys; apt now installs asound plus xcb plus xkbcommon dev packages	CI log plus ldd of stt-overlay (xcb, xkbcommon, xkbcommon-x11 NEEDED)	ci.yml updated	pending CI green
2026-09-11T09:16:12Z	u9/ci-windows	CI windows E0308 on HHOOK plus E0277 on !Send hook handle; fixed by is_null, null_mut, thread_id-only channel	gnu cross-check exit 0 with 0 warnings; full workspace check needs mingw, left to CI	windows.rs plus chord.rs plus lib.rs	pending CI green
2026-09-11T09:16:12Z	u9/skill	verify skill said hotkey=absent after U6 merged; now present-but-unwired with no-session-binary preconditions	targeted maintain pass, live pass u9-skillpass: launch plus doctor plus overlay IsViewable plus cleanup, artifacts kept	script plus 6 docs	changed, proven
2026-09-11T09:16:12Z	u9/lockfile	Cargo.lock committed: the workspace ships binaries, reproducible builds win	stt-shell plus stt-overlay are shipped programs, not a pure library	Cargo.lock	committed
